filename,word_count,line_count,space_count,tab_count,brace_count,bracket_count,length
.DS_Store,14050,2055,2201,2079,270,4509,4857860
1000043_raw_html.txt,45,12,51,0,0,4,722
1000097_raw_html.txt,9282,2498,23877,96,1104,711,186241
1000253_raw_html.txt,2174,992,12265,103,29,108,38274
100025_raw_html.txt,8270,3005,17844,470,494,488,104613
1000313_raw_html.txt,9734,3694,22791,5548,698,2044,179184
1000319_raw_html.txt,394,90,615,0,49,15,20446
1000325_raw_html.txt,6272,917,14489,0,233,67,102558
1000493_raw_html.txt,8827,4342,36468,20,105,355,123162
1000553_raw_html.txt,3509,650,9113,337,37,55,50330
1000619_raw_html.txt,15666,6391,118776,12,629,1190,418772
1000649_raw_html.txt,3803,1481,11021,3677,120,345,60012
1000673_raw_html.txt,4190,1606,15693,0,34,124,64552
1000769_raw_html.txt,4439,1861,19373,0,240,306,78336
1000955_raw_html.txt,5452,803,9749,146,32,19,42262
1000985_raw_html.txt,5006,1335,14638,398,337,652,105813
1001021_raw_html.txt,5293,1343,15628,332,147,540,75993
1001045_raw_html.txt,3511,1016,11121,20,21,72,45917
1001153_raw_html.txt,15759,6813,55239,5633,371,864,235023
1001285_raw_html.txt,6035,1149,9443,5,106,422,52980
1001291_raw_html.txt,3479,196,12064,77,23,16,16630
1001351_raw_html.txt,3216,1392,17034,9,27,52,59865
1001393_raw_html.txt,2793,1086,8942,906,68,137,46151
1001471_raw_html.txt,2345,780,8323,0,96,217,34016
1001579_raw_html.txt,1808,704,5141,51,12,61,25181
1001687_raw_html.txt,4096,1546,19268,182,18,156,71703
1001723_raw_html.txt,3506,1548,20966,5,10,11,62234
1001831_raw_html.txt,2734,1036,13318,27,4,34,38696
1001867_raw_html.txt,13501,5263,81331,10,355,1064,255435
1001963_raw_html.txt,5467,1468,14782,849,72,199,80881
1002005_raw_html.txt,22,8,26,0,3,20,815
1002101_raw_html.txt,4895,1373,14957,0,280,228,100666
100211_raw_html.txt,5288,2008,22037,0,40,25,86059
1002143_raw_html.txt,5229,1686,15323,848,106,177,83676
1002197_raw_html.txt,4780,2123,38781,0,21,72,102532
1002413_raw_html.txt,6944,2376,28190,60,116,401,121220
100241_raw_html.txt,3725,1530,18470,4,3,15,53765
1002461_raw_html.txt,1449,290,2967,0,4,15,11319
1002473_raw_html.txt,5353,2477,33779,179,46,89,91319
1002533_raw_html.txt,5079,1878,21217,310,112,254,86398
1002563_raw_html.txt,6240,2600,23483,238,65,218,105586
1002587_raw_html.txt,10339,4476,40839,1314,152,600,153818
1002599_raw_html.txt,6772,1839,22003,52,10,41,70296
1002695_raw_html.txt,6510,1842,21983,17,7,90,94160
1002701_raw_html.txt,1912,668,4923,500,81,310,30319
1002713_raw_html.txt,4764,1713,14931,583,56,187,78691
100271_raw_html.txt,3366,1077,9717,0,74,203,48964
1002743_raw_html.txt,7621,2781,25858,0,106,145,101263
1002869_raw_html.txt,3903,1171,12119,4,71,142,61098
1002977_raw_html.txt,8178,2931,30969,0,116,189,136332
1002995_raw_html.txt,20004,2162,22560,2,1172,233,185841
1003097_raw_html.txt,9861,3568,40831,0,174,393,344478
1003229_raw_html.txt,6417,1628,10451,4136,318,981,153283
1003241_raw_html.txt,1815,435,4343,50,10,19,23755
100325_raw_html.txt,4556,1657,20484,7,3,32,60572
1003349_raw_html.txt,27706,159,91859,118,0,208,123439
100337_raw_html.txt,5722,147,21159,0,0,16,28032
1003385_raw_html.txt,3394,1603,17847,566,56,154,56485
1003445_raw_html.txt,14923,6385,84598,0,217,542,261262
1003457_raw_html.txt,11495,2506,38270,18,225,516,187177
1003541_raw_html.txt,74,29,116,0,2,4,1049
1003547_raw_html.txt,4492,1543,12389,194,87,420,65893
1003565_raw_html.txt,2399,754,5492,191,56,157,38488
1003673_raw_html.txt,2878,972,8698,1007,44,77,46291
1003697_raw_html.txt,15460,5504,75934,1983,115,126,269042
1003745_raw_html.txt,1210,586,3930,0,6,33,15902
1003829_raw_html.txt,15207,2953,47746,0,179,244,197239
1003877_raw_html.txt,4846,1759,17133,258,36,162,72823
1003967_raw_html.txt,2192,995,8715,22,23,261,38996
1004021_raw_html.txt,2485,1346,16808,3,77,181,41515
1004057_raw_html.txt,22874,6775,136523,0,254,104,465124
100409_raw_html.txt,12224,3897,41949,3722,387,1150,199431
1004207_raw_html.txt,15730,7171,110237,108,235,508,326136
1004213_raw_html.txt,6014,2179,21447,0,23,112,78730
100421_raw_html.txt,6396,1980,29102,0,59,209,98792
1004267_raw_html.txt,11153,2813,46554,0,205,267,156854
1004327_raw_html.txt,13197,5015,78168,1,62,320,354394
1004387_raw_html.txt,5044,1461,17832,0,90,60,83220
1004429_raw_html.txt,4816,1213,12627,144,71,69,62802
1004441_raw_html.txt,9228,2996,43006,22,112,315,152133
1004513_raw_html.txt,2686,627,4219,191,24,43,28888
1004591_raw_html.txt,5554,1286,13336,851,281,554,80205
1004615_raw_html.txt,5564,1792,18253,23,43,88,94240
1004627_raw_html.txt,2002,920,8542,57,28,142,34053
100469_raw_html.txt,4623,1724,13709,1132,101,521,81650
100475_raw_html.txt,2987,908,9786,279,50,145,43874
1004819_raw_html.txt,7531,2242,25593,0,1099,457,197133
1004825_raw_html.txt,9757,1609,16915,1346,36,109,106617
100493_raw_html.txt,2696,1113,8147,395,109,191,48600
1005029_raw_html.txt,2601,706,6244,38,50,105,40471
1005107_raw_html.txt,64,26,86,1,4,2,1065
1005131_raw_html.txt,12827,2266,26015,0,716,778,283780
1005191_raw_html.txt,4605,1840,22385,47,11,70,76254
1005233_raw_html.txt,6786,2368,27145,7,76,373,105417
1005377_raw_html.txt,2277,929,7470,0,12,46,38182
1005437_raw_html.txt,41075,883,145846,81,14,59,192509
1005545_raw_html.txt,420,92,643,0,74,17,20973
1005563_raw_html.txt,7054,2152,18474,1527,260,754,118150
1005599_raw_html.txt,1059,475,3051,13,23,72,14806
1005665_raw_html.txt,33900,6869,101035,47,139,583,384805
100577_raw_html.txt,6092,2399,30223,4,52,79,103684
1005851_raw_html.txt,6355,2055,25135,0,419,974,116270
1005959_raw_html.txt,2353,435,5098,12,41,164,32758
1005995_raw_html.txt,2924,870,9512,66,40,57,48838
100607_raw_html.txt,15639,434,56577,1391,1,0,76762
1006169_raw_html.txt,11148,3787,39859,1414,147,930,173048
1006223_raw_html.txt,3736,1432,17395,7,39,100,59781
1006265_raw_html.txt,6880,2428,34492,11,182,399,124133
100631_raw_html.txt,7781,3003,36670,0,250,211,148257
1006337_raw_html.txt,1193,450,3988,4,13,26,17077
1006391_raw_html.txt,6367,1877,23754,0,401,926,113703
1006505_raw_html.txt,5672,1503,16560,219,179,274,99538
1006529_raw_html.txt,2826,865,6465,0,362,966,136154
1006649_raw_html.txt,46,10,50,0,0,0,481
1006799_raw_html.txt,4658,2034,19504,0,293,633,83510
100679_raw_html.txt,4147,1650,19033,1,18,48,83944
1006889_raw_html.txt,19016,5207,66032,197,217,357,267911
1006979_raw_html.txt,4701,1763,17129,36,27,214,73708
1007129_raw_html.txt,6257,1736,24284,192,93,123,104204
1007225_raw_html.txt,6618,1973,27157,0,186,337,108046
1007255_raw_html.txt,6227,2009,19905,463,85,208,105847
1007297_raw_html.txt,16665,7280,84764,0,203,1036,286743
1007399_raw_html.txt,2755,1182,10776,0,146,134,46882
1007405_raw_html.txt,1717,604,4856,109,15,44,22621
1007411_raw_html.txt,6263,1688,16000,854,157,327,97888
1007543_raw_html.txt,5110,1350,12055,420,47,239,82940
1007633_raw_html.txt,7310,2832,26514,18,32,111,111562
1007699_raw_html.txt,2950,1435,14379,0,2,58,42787
1007711_raw_html.txt,2471,885,8413,218,21,74,36795
1007753_raw_html.txt,10880,4007,71169,0,247,504,203484
1007777_raw_html.txt,4336,820,7611,1516,201,127,61893
1007819_raw_html.txt,2013,747,6093,321,58,147,37824
1007873_raw_html.txt,2237,1027,10913,0,5,131,35841
1007981_raw_html.txt,3776,1367,12000,294,50,131,64929
1008023_raw_html.txt,7754,2441,26227,525,106,209,126479
100805_raw_html.txt,2165,930,7847,32,19,55,33609
1008065_raw_html.txt,2720,1095,9173,398,17,129,40625
1008083_raw_html.txt,3502,987,9803,182,76,146,57122
1008119_raw_html.txt,3416,1037,8628,0,56,147,47705
1008155_raw_html.txt,4530,2175,13872,696,137,922,71270
1008209_raw_html.txt,4530,1901,19912,0,242,306,80321
1008257_raw_html.txt,3266,966,11067,0,49,118,53858
1008263_raw_html.txt,3360,1149,14178,80,25,110,59982
1008299_raw_html.txt,952,305,1991,0,6,20,15155
1008311_raw_html.txt,8281,2563,24847,2298,138,300,154015
1008389_raw_html.txt,4429,1304,14200,234,72,129,67549
1008551_raw_html.txt,5317,1775,19675,77,94,283,87342
1008563_raw_html.txt,1485,385,3335,0,2,111,16882
1008641_raw_html.txt,8400,3170,33594,0,96,120,175943
1008701_raw_html.txt,10860,3406,46495,47,97,303,178521
1008911_raw_html.txt,12116,5544,98598,0,248,471,257223
1008947_raw_html.txt,84508,303,263467,12,385,1773,355440
100895_raw_html.txt,8116,262,31535,0,19,74,41918
1008965_raw_html.txt,11697,4337,80198,45,176,273,231920
1009115_raw_html.txt,2975,1019,11640,37,3,18,41866
1009313_raw_html.txt,3802,1348,12901,0,20,54,72512
1009391_raw_html.txt,1052,426,3039,8,15,67,14609
1009445_raw_html.txt,742,141,957,0,119,18,23503
1009469_raw_html.txt,8130,2800,37216,96,233,554,144572
1009505_raw_html.txt,3159,1046,10314,54,56,141,48109
1009535_raw_html.txt,179,58,352,0,5,30,2257
1009559_raw_html.txt,12086,4188,75456,1,280,568,224045
1009565_raw_html.txt,15437,3923,61045,374,83,198,223194
1009577_raw_html.txt,5350,2080,21185,183,248,665,102550
100961_raw_html.txt,7513,2709,24690,2,104,152,94880
1009649_raw_html.txt,3769,1369,21049,136,68,113,65263
1009667_raw_html.txt,25085,11078,109655,0,23,384,383116
1009709_raw_html.txt,13635,1842,27666,621,4163,2953,545510
1009745_raw_html.txt,4660,1931,19148,0,15,150,79761
1009781_raw_html.txt,8087,2730,43718,0,104,683,169193
1009883_raw_html.txt,5395,1644,17544,38,90,433,107315
1009907_raw_html.txt,11592,3706,43407,313,65,207,178332
1009937_raw_html.txt,3507,1257,11398,852,51,112,45442
1009949_raw_html.txt,5155,1699,28326,12,28,86,94915
100997_raw_html.txt,10352,4966,14022,2,1165,814,150904
1010009_raw_html.txt,2179,944,8572,3,28,97,31832
1010021_raw_html.txt,3510,1419,15919,362,27,66,69077
1010039_raw_html.txt,30299,7661,68624,6605,1504,1256,627793
1010099_raw_html.txt,1835,748,6736,194,35,142,28917
1010135_raw_html.txt,1166,473,3363,547,19,102,17309
1010153_raw_html.txt,5639,2624,29167,228,233,456,111394
1010189_raw_html.txt,2513,885,6862,19,20,52,35025
1010201_raw_html.txt,19061,1873,35214,0,5120,1584,546054
1010255_raw_html.txt,4304,1171,16009,0,83,117,68573
1010321_raw_html.txt,3088,691,8994,0,8,28,39648
1010381_raw_html.txt,4421,1415,15301,269,47,151,68796
1010429_raw_html.txt,4284,1413,13100,104,28,56,59482
1010471_raw_html.txt,16137,4611,67423,0,707,318,282531
1010525_raw_html.txt,1165,479,3182,13,23,74,15509
101057_raw_html.txt,2965,1267,10660,249,13,82,40265
1010777_raw_html.txt,6723,2636,22818,5,354,309,108261
1010831_raw_html.txt,4456,1859,19365,0,241,307,78446
1010897_raw_html.txt,24741,7723,109811,248,58,277,391139
1010939_raw_html.txt,2715,1122,8505,392,108,189,49015
1011095_raw_html.txt,2118,876,9206,45,53,145,43198
1011179_raw_html.txt,3626,1055,12297,0,25,42,56813
1011197_raw_html.txt,18,10,22,0,0,0,267
1011203_raw_html.txt,4094,1567,16790,0,63,155,76068
1011215_raw_html.txt,2585,842,6958,89,34,124,42636
1011335_raw_html.txt,1044,235,1425,101,177,116,24542
1011371_raw_html.txt,1164,218,1904,0,21,77,12323
1011377_raw_html.txt,2252,736,6966,72,38,116,34200
1011473_raw_html.txt,1183,486,3129,15,17,30,14332
1011521_raw_html.txt,3251,934,8817,0,1,64,29112
1011581_raw_html.txt,31857,8145,75178,7480,1612,1230,692550
1011689_raw_html.txt,7825,2453,28027,0,1110,465,208233
1011791_raw_html.txt,7233,2703,42587,0,207,330,131871
1011821_raw_html.txt,442,199,1359,0,0,1,5380
1011875_raw_html.txt,4275,1749,14410,857,92,257,73266
1011911_raw_html.txt,15275,1274,25623,0,421,216,213837
1011947_raw_html.txt,120047,2197,407177,131,40,51,540416
1012037_raw_html.txt,679,183,1106,0,13,39,7821
1012079_raw_html.txt,35444,707,144218,38,2,13,181975
1012229_raw_html.txt,8184,3763,36508,476,144,132,174358
101231_raw_html.txt,2558,905,7733,42,70,124,51267
1012355_raw_html.txt,12499,4293,35120,5400,574,1782,212512
101243_raw_html.txt,4428,1368,16965,306,28,71,68664
1012451_raw_html.txt,6139,1831,18923,71,118,264,95944
1012487_raw_html.txt,10715,2493,37240,14,225,502,184986
101249_raw_html.txt,9509,3429,36538,34,513,921,161507
1012547_raw_html.txt,8291,2198,26849,230,144,431,134141
1012589_raw_html.txt,228,152,696,0,0,3,2966
1012661_raw_html.txt,2691,1236,9646,0,4,25,42637
1012721_raw_html.txt,14216,649,59307,3,4,12,77104
1012739_raw_html.txt,7133,2586,26529,404,82,236,122073
1012799_raw_html.txt,3521,1039,10031,0,31,41,41472
1012811_raw_html.txt,4684,1964,17008,0,81,124,84774
1012871_raw_html.txt,1290,353,3640,0,31,141,15077
101297_raw_html.txt,1985,808,7718,7,43,150,34827
1012997_raw_html.txt,863,48,3398,1,9,24,4766
1013087_raw_html.txt,5616,2110,19236,0,84,308,93899
1013141_raw_html.txt,7535,2102,27328,55,436,1330,145729
1013147_raw_html.txt,8174,2169,23907,177,116,205,117688
1013171_raw_html.txt,2607,686,5942,0,36,134,43563
1013291_raw_html.txt,10926,2664,22503,670,131,163,170195
1013303_raw_html.txt,22654,5892,77336,197,221,338,318432
1013321_raw_html.txt,111909,2409,424450,1448,84,313,556992
101333_raw_html.txt,6593,2477,25173,0,70,94,103178
1013387_raw_html.txt,3230,1345,12990,65,12,82,49936
10133_raw_html.txt,3228,1020,10250,308,31,110,50653
1013441_raw_html.txt,2920,735,6929,0,6,31,34143
1013489_raw_html.txt,17957,283,63002,135,5,47,83921
1013603_raw_html.txt,5465,1562,16021,494,211,151,95600
1013639_raw_html.txt,3219,728,10141,0,103,8,80108
1013669_raw_html.txt,7838,3283,45496,0,62,155,128436
1013699_raw_html.txt,9051,3770,46651,0,58,230,152110
1013717_raw_html.txt,6115,2057,26541,138,50,82,97223
1013933_raw_html.txt,2142,682,3500,889,40,150,31605
101393_raw_html.txt,1801,734,14161,3,4,16,35170
1014143_raw_html.txt,8356,2625,30049,0,1112,470,218399
1014257_raw_html.txt,7597,2822,25671,2,120,151,97118
1014293_raw_html.txt,2835,1202,11038,0,153,147,47892
1014311_raw_html.txt,1114,258,1270,0,72,151,19562
1014347_raw_html.txt,2775,845,8341,0,21,166,43915
1014371_raw_html.txt,3716,1377,11954,80,132,198,65414
1014599_raw_html.txt,4427,1903,15986,0,23,58,64372
10145_raw_html.txt,3240,1207,12617,5,129,337,87714
1014605_raw_html.txt,2413,588,3923,266,288,429,44187
1014647_raw_html.txt,1780,698,7389,0,136,125,22384
1014659_raw_html.txt,4347,1525,16519,669,117,211,81493
1014815_raw_html.txt,3709,1528,24054,0,281,625,89072
1014887_raw_html.txt,6010,2250,24141,0,261,278,123206
1015037_raw_html.txt,2604,798,5796,0,347,918,132793
101507_raw_html.txt,4986,1096,16256,142,19,46,60733
1015163_raw_html.txt,4178,1659,10770,867,115,302,60817
1015247_raw_html.txt,2593,878,8726,0,98,189,43023
1015289_raw_html.txt,11659,1495,30965,0,939,768,323081
1015319_raw_html.txt,11675,4685,64567,0,154,393,196807
101531_raw_html.txt,7353,2023,23149,801,125,203,135004
1015331_raw_html.txt,130143,3950,672942,701,653,1439,837277
1015385_raw_html.txt,11791,4064,59915,49,221,469,227783
1015415_raw_html.txt,13511,4301,54285,0,92,314,227693
1015445_raw_html.txt,7039,1935,20089,382,149,438,115033
1015553_raw_html.txt,160,55,186,32,32,40,3826
1015577_raw_html.txt,84,21,90,0,1,2,959
1015619_raw_html.txt,24420,4509,88328,11,3476,1053,668324
101561_raw_html.txt,2172,517,4875,24,7,30,31511
1015655_raw_html.txt,6748,1958,17982,1012,177,338,102149
1015685_raw_html.txt,3749,1146,12918,6,19,46,49642
1015697_raw_html.txt,3983,1549,7960,543,212,133,51340
1015739_raw_html.txt,4877,2367,27066,7,137,256,82171
1015853_raw_html.txt,3180,1396,11441,42,95,165,58119
1015901_raw_html.txt,34360,1555,121990,0,0,114,166683
1015985_raw_html.txt,4059,1583,12968,174,247,655,73686
1016003_raw_html.txt,3622,1492,8498,893,117,98,53351
1016039_raw_html.txt,4407,1337,14474,259,47,151,67257
1016141_raw_html.txt,3000,1109,9476,496,70,160,49911
1016165_raw_html.txt,11634,2823,38539,281,138,267,169883
1016213_raw_html.txt,341,103,296,67,68,69,7160
1016231_raw_html.txt,2837,1067,12467,2,10,95,47022
1016273_raw_html.txt,9215,3439,45945,2045,158,615,182403
1016279_raw_html.txt,2981,975,9092,80,42,153,45450
1016465_raw_html.txt,2886,980,6826,107,78,240,45200
1016489_raw_html.txt,1400,471,4792,0,3,13,18731
1016537_raw_html.txt,9,6,8,0,0,0,123
1016561_raw_html.txt,472,189,1664,36,3,11,6117
1016579_raw_html.txt,5306,1634,18556,0,399,927,97246
1016651_raw_html.txt,6187,2407,23605,1122,100,324,101297
1016669_raw_html.txt,4733,2017,19667,0,285,626,84057
1016771_raw_html.txt,654,225,1412,22,8,34,8541
1016861_raw_html.txt,8211,2770,33035,0,174,328,127248
1016951_raw_html.txt,5456,2866,28796,218,31,152,94639
1016957_raw_html.txt,5326,1739,19281,626,32,170,69629
1016975_raw_html.txt,8226,2738,28214,2497,255,659,139822
101711_raw_html.txt,691,315,1906,0,25,93,11979
1017149_raw_html.txt,108410,1770,370306,237,23,85,502970
101723_raw_html.txt,8220,1985,17631,49,62,59,71379
1017299_raw_html.txt,1449,722,6215,0,12,40,22549
1017335_raw_html.txt,104388,1540,375496,179,46,290,492359
1017359_raw_html.txt,3724,1062,11037,326,33,142,50585
1017365_raw_html.txt,9034,3923,44691,0,86,167,176517
1017371_raw_html.txt,3844,1409,15391,119,43,91,56948
1017491_raw_html.txt,2821,504,4277,0,81,99,29580
1017557_raw_html.txt,947,340,2390,29,27,62,13430
1017587_raw_html.txt,2630,1008,6597,0,60,187,35818
1017629_raw_html.txt,4652,1505,14154,104,33,56,64146
1017641_raw_html.txt,8583,3566,33184,58,162,821,165348
1017779_raw_html.txt,11921,4040,70817,0,317,576,212135
1017839_raw_html.txt,4422,1289,12124,146,90,278,60602
1017845_raw_html.txt,8411,217,46489,0,1,17,56232
1017983_raw_html.txt,6127,2527,27080,0,82,307,103625
1018055_raw_html.txt,10179,3366,44826,523,73,148,218962
1018085_raw_html.txt,4237,1410,12131,27,79,122,66219
1018115_raw_html.txt,1732,629,4383,245,82,330,28604
1018145_raw_html.txt,4947,1368,15060,398,333,647,106214
1018223_raw_html.txt,7677,2513,136976,1324,1318,1327,281238
1018235_raw_html.txt,429,146,946,0,9,10,5380
1018259_raw_html.txt,5207,1833,24016,0,109,247,102457
1018319_raw_html.txt,4033,1456,24439,0,47,158,78543
101831_raw_html.txt,6147,2477,27058,0,25,144,99816
1018547_raw_html.txt,1920,918,7792,0,105,188,32790
101855_raw_html.txt,1310,457,3163,61,12,72,21601
1018571_raw_html.txt,2398,836,6892,42,90,121,49540
1018589_raw_html.txt,1561,784,23046,0,11,37,37677
1018613_raw_html.txt,4046,133,15912,421,0,2,21518
1018715_raw_html.txt,38,16,43,0,0,0,477
1018787_raw_html.txt,4876,1489,16460,259,47,154,71708
1018889_raw_html.txt,7244,2167,27260,2,7,42,109165
1018901_raw_html.txt,881,205,2059,0,0,2,11195
1018907_raw_html.txt,4810,1634,15632,67,55,199,75960
1018913_raw_html.txt,5102,1630,17204,275,57,243,85253
1018931_raw_html.txt,2996,844,7595,0,116,131,35692
1018943_raw_html.txt,27107,6420,61881,5952,1379,1079,582691
1018973_raw_html.txt,8739,3478,61628,21,132,938,180658
1018979_raw_html.txt,140,56,123,69,6,10,2705
1019009_raw_html.txt,7668,2807,21502,0,217,541,118195
1019051_raw_html.txt,1092,569,6654,24,12,48,19692
1019063_raw_html.txt,4005,1631,20503,14,77,240,79666
101909_raw_html.txt,9625,602,14103,0,993,9,350823
1019237_raw_html.txt,2214,789,8974,12,19,56,36530
1019351_raw_html.txt,6767,177,28707,48,8,9,38278
1019405_raw_html.txt,4427,1817,17193,8,8,96,54576
1019483_raw_html.txt,6244,2083,23252,198,188,527,110405
101951_raw_html.txt,3548,1172,8742,424,181,221,47463
1019555_raw_html.txt,106716,1639,366832,1836,148,384,487998
1019597_raw_html.txt,137701,2037,572982,43,10,44,716946
1019669_raw_html.txt,423,237,1597,0,1,2,6569
1019753_raw_html.txt,4596,1659,16657,184,60,209,67625
1019765_raw_html.txt,5266,1853,23410,29,42,170,87474
1019813_raw_html.txt,2799,864,6439,0,337,898,134341
1019867_raw_html.txt,6433,1557,18849,398,336,648,122961
1019939_raw_html.txt,1575,650,4378,75,1,11,24102
1019945_raw_html.txt,3798,1277,14339,15,6,38,49720
1019951_raw_html.txt,6494,2096,23983,232,85,365,110765
1019969_raw_html.txt,3982,1553,15111,26,33,125,72933
1019987_raw_html.txt,3253,1622,18787,0,16,38,63139
1019993_raw_html.txt,422,15,808,9,35,86,6229
1020053_raw_html.txt,12398,5248,47525,0,23,82,213228
102011_raw_html.txt,620,103,771,0,5,11,8208
1020263_raw_html.txt,15201,385,58059,103,10,37,76508
1020491_raw_html.txt,3491,1330,13893,175,38,115,62493
1020509_raw_html.txt,3668,1136,13812,69,63,31,65926
1020539_raw_html.txt,6474,1855,19326,17,49,185,86426
1020593_raw_html.txt,3086,1056,10231,21,51,167,44830
1020599_raw_html.txt,3741,1629,12454,448,58,223,61270
102059_raw_html.txt,2461,876,7033,191,32,73,36051
1020845_raw_html.txt,6500,2376,33011,0,209,345,119053
1020875_raw_html.txt,1392,583,7886,25,64,199,28441
1020881_raw_html.txt,37801,480,148706,233,34,96,194558
1020965_raw_html.txt,2299,790,6522,84,56,138,38017
1021127_raw_html.txt,6408,3063,32826,1570,193,437,102132
102113_raw_html.txt,3862,1243,10945,235,40,76,64620
1021145_raw_html.txt,5824,1827,16465,380,156,264,91671
1021295_raw_html.txt,3763,1498,12038,196,52,271,57484
1021427_raw_html.txt,49081,1141,210099,326,40,174,266842
1021703_raw_html.txt,4815,1752,14722,0,49,104,99273
1021715_raw_html.txt,2674,662,6757,13,14,46,30714
1021883_raw_html.txt,9912,3603,47289,150,55,287,167371
1021937_raw_html.txt,6716,4169,37643,27,15,63,114413
1021961_raw_html.txt,3637,1539,18496,4,3,19,53467
1022027_raw_html.txt,3664,2024,15307,6,1,19,60460
102203_raw_html.txt,886,432,3055,0,30,110,15346
102209_raw_html.txt,6794,2650,30251,24,29,118,106016
1022105_raw_html.txt,1823,800,5995,0,23,35,29051
102215_raw_html.txt,6017,2574,34805,144,295,744,124735
1022189_raw_html.txt,3767,1105,14168,118,56,225,59037
1022207_raw_html.txt,19077,3058,38223,7,2647,3214,400851
1022225_raw_html.txt,23575,5615,52324,5318,1136,999,484334
1022261_raw_html.txt,2974,1024,10029,101,130,83,51438
1022267_raw_html.txt,8372,2519,38065,13,76,273,135740
1022297_raw_html.txt,3328,1005,9668,376,119,230,56438
1022375_raw_html.txt,8708,2467,26712,0,84,121,162011
1022381_raw_html.txt,152,64,275,0,0,1,1390
102263_raw_html.txt,6193,2197,25562,0,578,818,133658
1022789_raw_html.txt,9425,3136,52724,124,109,257,180329
1022861_raw_html.txt,790,255,1594,322,51,69,12285
102287_raw_html.txt,3865,1750,19232,0,17,21,78326
1022927_raw_html.txt,10527,4004,43611,92,258,940,193384
10229_raw_html.txt,7808,3136,51425,0,224,477,156294
1023023_raw_html.txt,6461,2117,25902,14,130,162,106700
1023101_raw_html.txt,6,6,9,0,0,0,48
1023137_raw_html.txt,1804,655,9765,0,15,57,30681
1023185_raw_html.txt,15270,5548,49349,6874,179,879,242502
1023263_raw_html.txt,5164,1291,14143,12,86,171,66499
1023317_raw_html.txt,3987,1350,12534,461,35,236,53739
1023323_raw_html.txt,3024,1088,12072,89,50,43,44195
1023341_raw_html.txt,5150,2102,24611,0,23,50,83909
1023359_raw_html.txt,2705,898,8069,57,4,42,35510
1023365_raw_html.txt,3034,1096,12521,322,32,104,51072
1023389_raw_html.txt,16360,2886,49851,116,73,310,291488
1023401_raw_html.txt,4521,1480,13084,59,16,26,56456
1023485_raw_html.txt,4578,1363,12655,494,15,91,64492
1023629_raw_html.txt,5271,2278,24259,9,13,179,85941
1023659_raw_html.txt,7536,2070,20501,14,78,138,107113
1023707_raw_html.txt,2728,1178,10735,0,146,134,46666
1023917_raw_html.txt,2743,987,12119,0,7,7,41762
1023941_raw_html.txt,338339,12456,1281896,608,1008,2188,1684162
1023959_raw_html.txt,5980,2102,22753,315,79,92,99554
1024019_raw_html.txt,5853,2092,19881,562,101,252,107114
1024037_raw_html.txt,16398,6567,38754,44,953,1685,302262
1024169_raw_html.txt,59184,23159,374340,0,17,3577,994546
10241_raw_html.txt,626,221,1492,49,2,10,10760
1024211_raw_html.txt,7700,2445,38493,0,95,169,214912
1024277_raw_html.txt,2435,1163,9868,0,5,64,59495
1024343_raw_html.txt,1078,332,3883,1,13,25,16659
1024355_raw_html.txt,2900,1222,13109,0,10,41,55086
1024403_raw_html.txt,508,160,668,37,14,45,8262
1024409_raw_html.txt,12486,3955,21283,2272,377,195,134390
1024571_raw_html.txt,3251,810,9864,2,10,37,48808
102461_raw_html.txt,3265,1018,9810,0,79,277,62402
1024679_raw_html.txt,429,146,946,0,9,10,5393
1024769_raw_html.txt,270,29,293,0,211,497,16528
1024829_raw_html.txt,8324,2798,30804,0,75,143,112533
1024865_raw_html.txt,3001,959,8354,114,32,104,43740
1024877_raw_html.txt,3669,1008,13090,0,45,133,61677
1024883_raw_html.txt,6607,2097,25849,14,421,981,117925
1024889_raw_html.txt,2442,704,5387,58,12,50,34192
1024919_raw_html.txt,56015,3155,231110,13480,32,115,311201
1024943_raw_html.txt,10462,204,34596,0,2,22,46673
1024985_raw_html.txt,16144,6728,79237,0,411,650,320150
1025069_raw_html.txt,5969,1655,15959,200,47,164,72930
1025117_raw_html.txt,7569,2844,26921,3,262,905,130113
1025147_raw_html.txt,2656,929,7335,8,26,71,43706
1025153_raw_html.txt,5278,1549,15222,1172,60,194,78267
1025219_raw_html.txt,5404,2008,21030,19,7,171,72174
1025303_raw_html.txt,2527,778,7940,80,32,76,36852
1025321_raw_html.txt,7774,2480,34401,16,275,444,130263
1025333_raw_html.txt,4724,1789,22885,154,13,76,80412
1025405_raw_html.txt,6034,1683,16496,197,422,1391,115332
102545_raw_html.txt,2384,939,7682,26,40,101,39426
1025525_raw_html.txt,4394,1567,12357,0,27,44,55582
1025543_raw_html.txt,422,15,808,9,35,86,6233
1025579_raw_html.txt,4121,1125,7649,506,65,131,65847
1025591_raw_html.txt,2450,942,11090,0,20,52,44451
1025681_raw_html.txt,2373,909,8746,80,32,115,40757
1025849_raw_html.txt,2725,1113,12814,1,84,196,47531
1025897_raw_html.txt,3791,1092,9789,329,42,84,53078
1025921_raw_html.txt,1261,343,2263,0,14,124,15223
1025969_raw_html.txt,6042,2693,31206,0,1,39,98538
1026107_raw_html.txt,4281,958,5087,4121,89,173,67684
1026191_raw_html.txt,8898,3397,31237,12,478,1255,162107
1026305_raw_html.txt,4758,1499,15867,0,261,959,77663
1026431_raw_html.txt,4042,1265,15102,0,271,173,94101
1026665_raw_html.txt,541,246,1402,0,28,13,8050
1026749_raw_html.txt,7350,2131,18122,587,88,114,109411
1026785_raw_html.txt,45,12,51,0,0,4,725
1026803_raw_html.txt,7381,2535,36899,0,206,405,138710
1026875_raw_html.txt,501,156,1098,0,0,7,6248
1027013_raw_html.txt,4878,1656,11575,491,148,202,62291
10271_raw_html.txt,10291,3366,44941,523,73,146,220226
1027229_raw_html.txt,2724,1175,10710,0,146,134,46542
1027277_raw_html.txt,5653,839,10920,0,18,90,50900
1027283_raw_html.txt,4475,1753,13982,1575,109,159,66419
102731_raw_html.txt,2790,1204,11004,0,153,147,47630
1027403_raw_html.txt,3370,1469,17680,7,4,15,50334
1027427_raw_html.txt,6190,1673,18374,68,106,244,96141
1027475_raw_html.txt,5886,2329,40345,0,50,105,121937
1027607_raw_html.txt,10293,3781,25272,6,671,671,147460
1027697_raw_html.txt,5625,1933,18564,416,78,145,82376
1027703_raw_html.txt,2046,847,9254,27,16,72,35526
1027709_raw_html.txt,3972,1309,15339,173,56,150,70719
1027733_raw_html.txt,2772,1052,7159,358,84,166,41738
1027775_raw_html.txt,3588,971,9830,40,47,204,50958
102779_raw_html.txt,3233,1518,14192,52,16,68,50208
1027829_raw_html.txt,6593,2636,38350,0,13,113,106519
1027853_raw_html.txt,4926,1701,13593,155,96,351,79145
1027913_raw_html.txt,6197,1274,14723,61,20,80,68520
1027949_raw_html.txt,1178,446,3216,0,0,12,13289
1027955_raw_html.txt,3407,1507,11464,283,52,186,48399
1027997_raw_html.txt,2719,962,8313,42,81,114,55375
1028009_raw_html.txt,3960,1472,16021,28,63,192,68378
1028081_raw_html.txt,422,15,808,9,35,86,6235
1028117_raw_html.txt,2171,782,6369,24,28,54,29883
1028123_raw_html.txt,3164,1029,10114,12,30,90,50691
1028141_raw_html.txt,4538,1576,15227,364,223,637,77789
1028147_raw_html.txt,7062,1733,16983,31,19,60,85949
102815_raw_html.txt,2236,782,7143,6,60,147,38939
1028213_raw_html.txt,5273,2306,24039,0,74,152,88007
1028357_raw_html.txt,16310,2435,31301,7,2643,3203,372439
1028459_raw_html.txt,5950,1706,19383,195,151,290,88631
1028477_raw_html.txt,12060,3337,42961,47,94,88,162782
102851_raw_html.txt,5850,1764,18124,0,384,949,125428
1028639_raw_html.txt,5326,1918,15103,221,102,360,84219
1028723_raw_html.txt,4446,1058,6668,35,14,40,43636
1028753_raw_html.txt,1444,578,3790,272,47,133,20613
1028765_raw_html.txt,20,6,19,0,0,0,305
1028903_raw_html.txt,47085,268,157160,18,23,92,214083
1028915_raw_html.txt,7937,1917,25480,0,242,404,115432
1028963_raw_html.txt,8760,3184,38397,180,386,820,183381
1028975_raw_html.txt,3774,1923,23437,0,9,39,69232
1028981_raw_html.txt,3026,983,8275,29,3,74,41638
1029065_raw_html.txt,75,19,82,0,0,1,849
1029161_raw_html.txt,7008,1733,25225,327,73,188,100857
1029167_raw_html.txt,33103,16821,180786,0,23,533,559710
1029197_raw_html.txt,4217,1249,13911,307,130,138,85347
1029239_raw_html.txt,21332,578,113225,26,7,30,139026
1029251_raw_html.txt,12608,2907,41488,240,145,538,204717
1029269_raw_html.txt,10590,96,37957,118,0,7,50008
1029401_raw_html.txt,5187,1913,24444,47,11,70,82994
1029437_raw_html.txt,5335,1767,18708,71,67,241,84805
1029467_raw_html.txt,2702,1026,7132,415,50,115,42766
1029527_raw_html.txt,40,11,45,0,0,0,340
1029617_raw_html.txt,7022,2981,32915,242,86,231,131722
1029671_raw_html.txt,14731,3225,39853,982,65,208,191361
1029755_raw_html.txt,2056,593,3966,0,0,12,22657
1029845_raw_html.txt,6550,2401,29894,141,60,208,109999
1029863_raw_html.txt,1379,655,6649,0,10,17,23083
1029899_raw_html.txt,6774,2425,20620,430,111,394,109413
1029923_raw_html.txt,5860,2170,22457,183,248,675,107841
1029941_raw_html.txt,5413,1752,15934,26,124,309,113674
1030007_raw_html.txt,10202,4796,59303,1477,290,1016,187311
1030043_raw_html.txt,13581,5243,88350,0,291,693,269479
103007_raw_html.txt,700,47,2339,0,0,3,3580
1030157_raw_html.txt,2900,1289,10174,6,10,143,39902
1030181_raw_html.txt,8523,3543,44925,0,243,646,131335
10301_raw_html.txt,13854,617,58372,76,70,137,74031
1030205_raw_html.txt,11191,2537,30960,621,103,260,173797
1030283_raw_html.txt,128588,3779,596338,670,681,1595,756205
103031_raw_html.txt,4566,1117,12677,20,407,155,84733
1030355_raw_html.txt,2495,796,7843,102,235,590,60459
1030367_raw_html.txt,3712,1109,14340,22,18,101,57666
1030391_raw_html.txt,5020,1199,14426,0,145,186,89642
1030487_raw_html.txt,1342,513,3242,67,19,47,22634
1030523_raw_html.txt,3278,844,8700,0,2,21,40836
1030703_raw_html.txt,56663,21886,385735,0,17,3071,970970
1030739_raw_html.txt,1653,719,6295,14,14,45,25916
1030769_raw_html.txt,3329,1211,14726,359,206,214,59282
1030787_raw_html.txt,5350,2343,24333,0,74,154,88736
1030823_raw_html.txt,2790,1098,8210,392,109,192,49652
1030835_raw_html.txt,5204,1637,21720,46,218,631,91168
1030955_raw_html.txt,2343,858,9752,37,15,38,43797
1030967_raw_html.txt,1308,401,4017,36,1,1,12803
1031015_raw_html.txt,3509,1140,10674,224,46,112,52876
1031039_raw_html.txt,3177,1043,11353,33,52,113,49153
1031045_raw_html.txt,3715,1554,18738,4,3,15,53650
1031075_raw_html.txt,6347,2942,22958,141,44,86,117320
103115_raw_html.txt,127892,2297,477391,137,642,1202,629439
1031243_raw_html.txt,417,194,284,115,27,3,3700
1031291_raw_html.txt,4245,1785,20431,10,19,61,66830
10313_raw_html.txt,5348,1781,18361,725,55,153,90473
1031405_raw_html.txt,3477,1178,10692,155,50,193,56339
1031423_raw_html.txt,4247,1247,14533,161,64,104,55253
1031453_raw_html.txt,4834,1500,16642,0,138,201,85963
103145_raw_html.txt,1270,278,1509,0,78,170,22339
1031483_raw_html.txt,3327,1157,12550,31,36,94,49040
1031525_raw_html.txt,2658,1049,8337,1379,134,123,44408
1031549_raw_html.txt,1915,585,5658,46,25,66,29216
1031615_raw_html.txt,8454,3281,49303,0,406,530,167705
1031687_raw_html.txt,2376,971,4075,0,126,191,23139
1031717_raw_html.txt,9053,3698,49625,809,118,293,145802
1031771_raw_html.txt,7838,2496,24597,1759,116,450,114902
103181_raw_html.txt,3131,1008,11130,0,8,51,49093
1031849_raw_html.txt,10988,3328,29626,0,1740,3726,282113
1031921_raw_html.txt,903,58,3305,21,0,1,4937
1031987_raw_html.txt,2979,880,9062,95,24,39,40832
1031_raw_html.txt,422,15,808,9,35,86,6235
1032035_raw_html.txt,3671,1383,13383,15,51,146,49682
103205_raw_html.txt,1814,452,5224,10,1,19,21537
1032137_raw_html.txt,4936,1587,16194,56,83,299,77021
1032185_raw_html.txt,3345,1083,13716,0,218,555,82549
103223_raw_html.txt,10591,4002,43625,92,258,938,193667
1032287_raw_html.txt,4823,1352,13470,592,131,207,87936
1032293_raw_html.txt,8032,3399,28452,3167,443,1090,139127
1032437_raw_html.txt,10041,3771,22469,4204,370,1212,126461
103253_raw_html.txt,7776,2808,29860,0,175,492,123894
1032593_raw_html.txt,12446,2842,40322,240,144,536,201364
1032659_raw_html.txt,6530,1844,20256,330,46,151,86821
1032701_raw_html.txt,13756,6481,51207,5633,371,863,212721
1032767_raw_html.txt,5797,1376,16271,123,21,124,72407
1032893_raw_html.txt,3758,1461,14909,123,54,170,62720
1032953_raw_html.txt,45275,872,176480,425,58,124,228076
1032959_raw_html.txt,1525,353,3345,14,37,57,20687
1032971_raw_html.txt,395441,13618,1511957,820,1361,2389,1974706
1033061_raw_html.txt,4848,2918,18378,10,4,10,58713
1033133_raw_html.txt,10528,3996,43538,92,258,938,193315
1033271_raw_html.txt,5565,1742,17262,291,86,250,80397
1033343_raw_html.txt,3297,1323,9779,25,9,37,65506
1033355_raw_html.txt,5116,2008,20777,388,56,124,75233
1033361_raw_html.txt,6344,2487,25607,9,78,165,93944
1033385_raw_html.txt,8132,3032,31812,0,101,205,137688
1033493_raw_html.txt,6859,2670,63028,73,54,248,137520
1033523_raw_html.txt,1588,335,3431,79,61,138,22963
1033559_raw_html.txt,570,236,1421,0,7,25,7974
1033583_raw_html.txt,24418,10042,97739,0,23,170,383695
1033589_raw_html.txt,130293,1414,491919,0,370,1035,636118
103373_raw_html.txt,20515,9045,128750,16,341,2307,368760
1033775_raw_html.txt,2667,1017,9855,3,31,98,36606
103385_raw_html.txt,5015,1626,13367,489,118,239,80718
1033925_raw_html.txt,23267,6351,64083,4536,771,818,417761
1033997_raw_html.txt,1155,586,3877,0,6,33,15815
1034003_raw_html.txt,4869,1330,11195,395,53,154,71816
1034159_raw_html.txt,3244,1187,14524,0,26,61,60262
1034183_raw_html.txt,7479,3177,36673,0,86,131,145701
1034213_raw_html.txt,72416,1762,280946,2754,40,289,370114
1034243_raw_html.txt,1333,639,6269,0,6,16,20100
1034327_raw_html.txt,5466,1693,14233,141,42,223,74585
1034483_raw_html.txt,3113,132,10474,23,6,15,14631
1034495_raw_html.txt,4510,1311,11340,43,138,119,70528
1034507_raw_html.txt,1674,550,4566,6,56,168,25950
1034531_raw_html.txt,1642,578,5418,61,6,22,29893
1034615_raw_html.txt,1856,629,5053,19,39,156,27961
1034633_raw_html.txt,3436,1227,11667,45,101,270,55206
1034651_raw_html.txt,1601,628,4883,1,4,32,26529
1034747_raw_html.txt,13593,1028,22646,19,3406,1032,624432
1034789_raw_html.txt,3423,1509,20317,5,10,13,60786
1034795_raw_html.txt,3116,1059,14863,0,41,45,56361
1034807_raw_html.txt,3885,1161,11037,11,96,305,69553
1034879_raw_html.txt,3986,1386,13615,0,214,528,66647
1034903_raw_html.txt,2919,1202,11122,0,153,147,48414
1035041_raw_html.txt,5409,1448,16185,379,177,235,77206
1035047_raw_html.txt,23293,5229,48016,5656,1198,976,498480
1035101_raw_html.txt,5244,1940,22525,506,145,262,96069
1035143_raw_html.txt,3927,1368,11505,68,40,118,61878
1035167_raw_html.txt,2846,791,8562,352,52,104,42041
1035179_raw_html.txt,2910,990,8305,244,23,279,42528
1035275_raw_html.txt,4022,1157,17182,0,40,51,60561
1035305_raw_html.txt,1374,251,2307,1,1,9,11389
1035311_raw_html.txt,5770,1306,17577,0,341,166,128829
1035503_raw_html.txt,5354,2095,19787,83,276,772,100171
1035557_raw_html.txt,22936,6766,136381,0,251,105,466709
1035611_raw_html.txt,3570,1415,15927,32,7,102,51414
1035773_raw_html.txt,6000,2992,40710,25,17,74,110977
1035803_raw_html.txt,1756,673,4809,268,41,136,26863
1035851_raw_html.txt,3123,1066,2802,2107,23,65,53705
1035857_raw_html.txt,69,28,83,43,2,3,912
1035887_raw_html.txt,3681,389,6474,0,855,382,84113
103589_raw_html.txt,5155,1699,28326,12,28,86,94915
1035905_raw_html.txt,1897,655,6043,0,28,82,26557
1035911_raw_html.txt,71071,397,225991,0,116,587,300884
1035953_raw_html.txt,6038,1704,17173,103,287,701,94135
1035971_raw_html.txt,3472,990,9772,5,8,25,44762
1036043_raw_html.txt,1714,659,6379,26,28,130,29718
1036085_raw_html.txt,20,6,19,0,0,0,305
1036091_raw_html.txt,4627,1649,13909,63,43,207,68329
1036163_raw_html.txt,6976,2867,22547,1475,351,1247,117924
1036223_raw_html.txt,2511,774,6827,0,75,195,49276
1036487_raw_html.txt,4947,1769,17614,734,57,144,82814
1036547_raw_html.txt,3003,1021,11181,55,32,97,39436
1036637_raw_html.txt,2698,1103,13967,0,20,52,52715
1036667_raw_html.txt,7873,3075,45561,0,309,755,161237
103673_raw_html.txt,5147,840,12690,0,200,80,100018
1036799_raw_html.txt,1632,491,3716,0,94,227,27349
1036811_raw_html.txt,41644,9632,240451,31,56,208,566086
1036859_raw_html.txt,2521,984,10716,8,204,359,60337
1036913_raw_html.txt,2241,677,6198,18,69,69,35068
1036949_raw_html.txt,20,6,19,0,0,0,305
1037063_raw_html.txt,3159,924,14364,0,19,68,50086
1037123_raw_html.txt,6285,2822,44089,283,138,531,132752
1037153_raw_html.txt,1976,700,5263,326,23,72,33884
1037225_raw_html.txt,5183,1873,23494,12,19,57,91335
1037279_raw_html.txt,8644,2109,22906,0,34,127,97828
1037333_raw_html.txt,9165,2027,24007,250,140,323,120838
1037357_raw_html.txt,4353,1049,12178,20,76,77,69276
1037387_raw_html.txt,5640,1407,12200,1,448,500,102252
1037489_raw_html.txt,20,6,19,0,0,0,309
1037519_raw_html.txt,1979,862,7477,0,2,25,24021
1037537_raw_html.txt,11448,3835,69149,0,266,451,208077
103787_raw_html.txt,4828,1238,19353,15,321,586,109431
1037915_raw_html.txt,527,145,1030,112,127,99,12395
1037945_raw_html.txt,3675,1561,13038,0,17,64,60349
1037993_raw_html.txt,3134,1014,7174,1184,84,266,46060
1038101_raw_html.txt,6163,1726,20900,12,157,329,89399
1038131_raw_html.txt,19939,4958,42246,3375,708,720,340012
1038179_raw_html.txt,8100,2647,29928,260,117,228,134565
103823_raw_html.txt,3067,1007,9908,12,30,91,49936
1038287_raw_html.txt,3060,827,5881,314,99,292,49116
1038455_raw_html.txt,5776,2319,40445,0,50,105,121860
1038569_raw_html.txt,6985,2444,22731,1466,205,391,110320
1038581_raw_html.txt,58415,29480,553613,0,184,4487,1284677
1038599_raw_html.txt,4522,1592,15410,111,20,53,58937
1038611_raw_html.txt,3270,1114,9546,19,13,75,50520
1038701_raw_html.txt,5326,1607,17832,186,51,201,76648
1038713_raw_html.txt,17764,7864,74918,0,23,223,285170
1038725_raw_html.txt,2769,829,7879,0,0,12,26519
1038755_raw_html.txt,10588,3059,79757,73,54,243,175268
1038833_raw_html.txt,3007,1182,13091,41,60,198,52618
1038869_raw_html.txt,3798,1748,14408,4,24,102,55002
1039103_raw_html.txt,2996,1066,9224,155,38,128,47687
1039193_raw_html.txt,20929,6406,66984,0,23,216,239257
1039247_raw_html.txt,6048,2909,33214,3,145,417,111469
1039253_raw_html.txt,6782,2261,28057,275,126,247,114839
1039295_raw_html.txt,4660,1467,16713,0,195,260,73731
1039313_raw_html.txt,1801,678,5912,64,20,84,29635
1039343_raw_html.txt,2038,680,4727,5,11,38,25466
1039349_raw_html.txt,4367,1281,16930,104,446,539,96406
1039379_raw_html.txt,31,12,41,0,0,1,286
1039439_raw_html.txt,2376,971,4075,0,126,191,23142
1039481_raw_html.txt,6916,2784,36691,12,66,169,144235
1039571_raw_html.txt,4375,1368,14645,394,147,468,74547
1039649_raw_html.txt,5974,2001,25397,50,12,75,87220
1039655_raw_html.txt,166,23,183,0,0,0,2023
1039667_raw_html.txt,5132,1502,14217,309,74,196,78535
1039685_raw_html.txt,20862,5300,45774,3517,760,736,364742
1039691_raw_html.txt,69,28,83,43,2,3,936
1039757_raw_html.txt,4133,1473,13519,177,100,292,66156
1039775_raw_html.txt,34048,6356,148319,0,676,872,551091
1039799_raw_html.txt,40875,22757,233470,0,23,135,810546
1039853_raw_html.txt,5192,1265,9987,1,449,517,95498
1039877_raw_html.txt,6417,1743,18417,0,188,303,96981
1039889_raw_html.txt,22906,6766,136355,0,254,105,466664
1039913_raw_html.txt,4797,1959,14057,0,988,13,147830
103991_raw_html.txt,4277,1625,17548,637,83,212,78317
1039931_raw_html.txt,4165,1513,18691,4,3,17,56215
1039937_raw_html.txt,12254,5667,111285,0,211,876,266580
1040111_raw_html.txt,4635,1676,15958,41,72,130,72848
1040195_raw_html.txt,2794,823,8315,70,20,62,42728
104021_raw_html.txt,4814,2008,17119,174,52,141,66195
1040291_raw_html.txt,4705,1897,22140,170,65,321,99426
1040303_raw_html.txt,23147,6775,136793,0,255,108,467812
1040351_raw_html.txt,13511,4258,50506,0,268,457,183944
1040417_raw_html.txt,62520,22596,333500,0,17,3226,998329
1040429_raw_html.txt,4204,1845,16087,0,24,105,68387
1040447_raw_html.txt,4970,1825,18694,702,161,407,66320
1040459_raw_html.txt,6930,2905,30285,40,114,125,133827
1040483_raw_html.txt,14302,4385,47451,809,188,427,179670
1040609_raw_html.txt,3053,1083,7738,127,83,155,41944
1040639_raw_html.txt,4327,987,12584,137,68,30,59337
1040765_raw_html.txt,5516,2168,24549,0,44,92,87140
1040867_raw_html.txt,8393,3483,57120,0,191,419,170278
1040945_raw_html.txt,3880,1405,14791,0,11,78,56742
1040957_raw_html.txt,14624,4507,59103,732,107,359,209900
1040975_raw_html.txt,6515,1781,16422,107,48,216,89398
1041155_raw_html.txt,9083,2856,203891,972,1761,1235,359991
1041215_raw_html.txt,1558,472,4425,0,3,15,19431
1041221_raw_html.txt,5641,1865,29277,19,137,268,101579
1041257_raw_html.txt,24450,12674,107831,0,23,383,353378
1041335_raw_html.txt,5034,1528,16230,319,171,357,81231
1041341_raw_html.txt,8394,5203,57797,4,323,526,196107
1041347_raw_html.txt,4451,1551,13055,1135,198,319,79407
1041353_raw_html.txt,3361,910,8329,29,29,106,53754
1041365_raw_html.txt,7975,2716,27164,4,187,358,126531
1041389_raw_html.txt,4633,1260,13290,292,225,251,71472
104141_raw_html.txt,2310,767,7713,14,100,238,37441
1041425_raw_html.txt,11130,3972,54799,462,91,192,193098
1041479_raw_html.txt,2847,711,7050,284,17,79,37864
1041521_raw_html.txt,2538,1188,14081,0,52,177,39826
10415_raw_html.txt,3292,1005,6253,6,23,63,47579
1041743_raw_html.txt,3074,1229,16917,0,39,32,72858
1041875_raw_html.txt,6998,1551,19342,194,263,411,111206
1041893_raw_html.txt,9535,4935,51324,0,43,120,164080
1042013_raw_html.txt,22120,5886,126241,3,374,409,373246
1042043_raw_html.txt,31,12,41,0,0,1,286
104213_raw_html.txt,8207,2372,27220,0,129,269,112168
104219_raw_html.txt,2757,996,9255,138,50,87,51082
1042307_raw_html.txt,5151,1081,15751,0,20,54,63626
1042355_raw_html.txt,68528,1326,239762,5,77,203,317634
1042361_raw_html.txt,25414,6248,57371,5512,1114,1026,501205
1042373_raw_html.txt,4702,1846,16848,0,142,311,83657
104237_raw_html.txt,12014,4528,53039,462,206,417,170776
1042529_raw_html.txt,4166,1864,16941,9,1,28,67739
1042613_raw_html.txt,11362,4896,67762,0,87,122,215603
1042685_raw_html.txt,11,8,12,0,0,0,110
1042697_raw_html.txt,6053,2456,36077,0,170,422,113274
1042715_raw_html.txt,43044,1151,160042,1955,54,186,216077
1042805_raw_html.txt,2927,919,8053,8,83,179,51167
1042847_raw_html.txt,10257,2807,41222,1,180,461,150164
1042859_raw_html.txt,3445,653,5519,119,75,239,46605
1042943_raw_html.txt,703,282,2158,22,9,24,10212
1043063_raw_html.txt,6001,1954,20887,353,162,510,89309
1043141_raw_html.txt,2499,677,6814,396,33,64,42268
1043165_raw_html.txt,3371,1360,14414,0,41,131,52865
1043183_raw_html.txt,4408,1335,12041,4,74,150,52328
1043219_raw_html.txt,13294,2435,30806,613,103,259,177531
1043225_raw_html.txt,29515,7177,97356,12,206,352,397618
1043273_raw_html.txt,3137,1542,13450,284,20,19,51236
1043357_raw_html.txt,7448,2837,31013,0,213,427,132664
1043381_raw_html.txt,5791,2386,28276,6,195,355,116411
1043423_raw_html.txt,29582,743,97748,60,33,75,131607
1043489_raw_html.txt,221719,3810,841844,4945,92,402,1100709
1043549_raw_html.txt,3982,1268,10251,61,46,54,54117
1043591_raw_html.txt,3863,1611,14897,494,230,103,56995
1043603_raw_html.txt,10089,4024,64540,218,89,150,204825
1043621_raw_html.txt,1942,744,9268,0,209,493,45140
1043627_raw_html.txt,4595,1950,21202,0,72,246,71714
1043675_raw_html.txt,3979,1203,10415,0,15,63,50085
104369_raw_html.txt,6763,2299,29724,1,50,79,119753
1043729_raw_html.txt,16435,391,73611,14,9,27,94629
1043735_raw_html.txt,2835,87,9957,0,3,10,13591
1043819_raw_html.txt,1290,992,6195,0,0,0,19763
1043855_raw_html.txt,8387,3211,33800,17,502,929,149020
1043879_raw_html.txt,8665,2185,24800,222,41,190,111576
1043993_raw_html.txt,10568,2681,30832,56,63,189,135937
1043_raw_html.txt,1583,481,3420,0,1,9,17818
1044023_raw_html.txt,3372,1058,11242,0,51,199,54245
104411_raw_html.txt,7312,2142,25118,515,59,263,101183
1044167_raw_html.txt,1282,445,3168,7,25,44,19448
1044293_raw_html.txt,5596,3003,38339,3,77,182,88737
1044365_raw_html.txt,3104,1060,8218,47,102,206,61908
1044461_raw_html.txt,4096,1761,13852,433,58,227,67597
1044647_raw_html.txt,462,226,1339,2,5,8,6062
1044725_raw_html.txt,14039,5148,55665,0,23,256,175205
1044815_raw_html.txt,2834,1143,13791,0,77,148,47413
1044845_raw_html.txt,5438,1449,16573,398,332,650,112422
1044869_raw_html.txt,7776,2989,24857,2748,231,947,109939
1045019_raw_html.txt,2901,1177,11407,373,45,164,45584
1045037_raw_html.txt,7038,2947,39219,0,133,311,119055
1045091_raw_html.txt,2566,858,7259,0,76,269,34910
1045193_raw_html.txt,3794,1201,9907,70,78,155,57968
1045205_raw_html.txt,5021,1422,15756,398,136,163,95652
1045253_raw_html.txt,6671,2261,24866,0,261,286,128454
104525_raw_html.txt,4777,1788,18902,304,81,184,72551
1045265_raw_html.txt,6288,2912,28963,1034,99,296,104161
1045355_raw_html.txt,1853,487,4788,16,16,68,27333
1045385_raw_html.txt,6364,2195,26236,378,51,105,100052
1045397_raw_html.txt,1265,401,2628,93,12,72,21333
1045427_raw_html.txt,3050,1114,9904,40,38,125,44750
1045481_raw_html.txt,2662,884,9066,129,27,45,38724
1045553_raw_html.txt,486,226,1510,0,5,26,6957
1045733_raw_html.txt,2191,808,7113,0,3,12,27728
1045751_raw_html.txt,6113,1568,18397,398,339,653,123509
1045799_raw_html.txt,4934,1884,21676,20,238,344,69472
1045811_raw_html.txt,20877,5299,69247,197,217,331,286548
1045829_raw_html.txt,3443,1390,13401,170,25,91,48051
1045847_raw_html.txt,14138,5872,76905,24,262,728,223818
1045859_raw_html.txt,526,258,1074,0,0,3,5531
1045919_raw_html.txt,3459,1384,15581,2,17,125,57712
1045925_raw_html.txt,7048,1952,22358,214,21,115,94369
104597_raw_html.txt,1722,551,6068,0,20,81,26420
1046111_raw_html.txt,3649,1051,11708,25,41,90,53058
1046171_raw_html.txt,1746,584,4520,4,8,32,22580
104621_raw_html.txt,3413,1628,19841,9,8,64,57349
1046231_raw_html.txt,4302,2366,11484,3283,192,273,94465
1046261_raw_html.txt,7246,2923,45573,2,201,457,142751
1046279_raw_html.txt,4329,1362,11384,204,126,368,73280
1046285_raw_html.txt,3859,2149,22578,0,19,93,64816
1046327_raw_html.txt,10003,2919,42000,0,573,839,187064
1046387_raw_html.txt,3619,1031,10343,80,31,87,53711
1046441_raw_html.txt,2922,1099,11127,5,121,318,81261
104645_raw_html.txt,3494,896,9647,38,18,75,49669
1046585_raw_html.txt,2247,704,6295,90,93,267,35795
1046615_raw_html.txt,130298,3761,598079,670,681,1590,759349
1046651_raw_html.txt,3833,1145,10595,226,101,138,66055
1046669_raw_html.txt,26462,5898,55994,5559,1376,1024,574658
1046687_raw_html.txt,1181,493,3583,0,12,42,16986
1046729_raw_html.txt,6358,1177,14118,208,198,234,82398
104675_raw_html.txt,5290,2093,16051,1185,174,493,74898
1046843_raw_html.txt,5484,1401,18016,0,162,183,94783
1046849_raw_html.txt,12717,3607,46958,58,71,155,190746
1046939_raw_html.txt,2538,915,8781,4,228,626,59484
1046987_raw_html.txt,4418,1776,21163,10,40,140,67047
1047047_raw_html.txt,1832,584,5212,22,41,41,21713
1047053_raw_html.txt,7428,2257,26034,3,39,140,93811
1047155_raw_html.txt,1224,527,4672,0,108,317,36342
104717_raw_html.txt,3256,1098,16340,42,22,55,57575
1047209_raw_html.txt,5119,1601,23134,182,32,137,81585
1047293_raw_html.txt,6758,1892,26193,245,104,175,110615
1047299_raw_html.txt,2041,1043,10914,4,12,46,40975
1047317_raw_html.txt,6047,2548,34152,144,294,745,123411
1047323_raw_html.txt,2808,865,6455,0,342,910,134696
1047383_raw_html.txt,1213,338,2828,1,20,17,17693
1047467_raw_html.txt,3757,1154,10319,4,82,169,51465
1047479_raw_html.txt,5780,1567,18614,398,138,161,109802
104747_raw_html.txt,8621,2634,33137,1012,154,233,137784
1047491_raw_html.txt,5012,1896,19715,69,23,95,78800
1047587_raw_html.txt,560,189,865,55,63,28,13605
1047593_raw_html.txt,2603,960,9156,0,38,70,40208
1047707_raw_html.txt,3739,1584,19081,7,4,21,54826
1047761_raw_html.txt,22039,5999,75821,0,21,65,349385
1047821_raw_html.txt,1357,282,1591,0,83,186,23478
1047845_raw_html.txt,6388,2447,19146,2477,141,375,110871
1047935_raw_html.txt,10557,3683,57515,41,15,65,159707
1047953_raw_html.txt,2833,1144,9119,386,110,177,50142
1048019_raw_html.txt,25357,5910,53463,5274,1341,1002,559958
1048061_raw_html.txt,5041,1363,15074,398,347,648,109291
1048067_raw_html.txt,14934,5310,62786,0,281,66,298438
1048133_raw_html.txt,1712,896,8207,37,0,1,24284
1048163_raw_html.txt,4703,1604,12234,311,48,222,78130
1048181_raw_html.txt,6466,2309,23275,80,51,134,104876
1048199_raw_html.txt,13764,4001,88252,329,100,309,242802
1048271_raw_html.txt,8987,3110,31825,2155,171,583,130786
1048325_raw_html.txt,3104,1214,12134,328,36,119,52606
104837_raw_html.txt,5727,2290,30491,168,211,176,101033
1048451_raw_html.txt,2694,1099,10634,139,19,69,39493
1048499_raw_html.txt,4671,1520,16014,201,33,97,68060
1048523_raw_html.txt,5336,1991,20065,61,106,447,84941
1048613_raw_html.txt,703,348,2801,0,13,36,11533
1048637_raw_html.txt,20081,5443,81824,197,208,316,302409
1048679_raw_html.txt,422,15,808,9,35,86,6237
1048685_raw_html.txt,2725,1193,8376,152,17,89,39493
1048793_raw_html.txt,12066,4280,52442,85,92,233,192674
1048817_raw_html.txt,5079,1984,28048,13,111,95,104426
1048847_raw_html.txt,5404,1998,22370,7,303,745,101898
1048859_raw_html.txt,806,184,971,94,143,113,20036
1048913_raw_html.txt,3787,1244,10288,0,91,236,57149
1048949_raw_html.txt,3717,1283,15071,110,53,175,65084
104903_raw_html.txt,5435,1854,16843,581,51,164,86706
1049051_raw_html.txt,4926,1576,16348,0,75,103,79496
1049063_raw_html.txt,10322,3392,40409,65,60,190,141448
1049099_raw_html.txt,2723,1492,13017,115,8,60,43728
104915_raw_html.txt,4714,1764,20466,55,38,36,67082
1049339_raw_html.txt,1899,841,6789,250,21,75,28613
1049357_raw_html.txt,3570,1067,10438,6,18,73,46789
104939_raw_html.txt,4743,1307,13433,40,26,80,94162
1049429_raw_html.txt,3052,989,7793,177,65,114,47481
1049501_raw_html.txt,28227,870,99269,319,106,297,134123
104951_raw_html.txt,4526,1775,16110,323,25,66,77344
1049549_raw_html.txt,6759,2259,14368,2233,294,600,90619
1049555_raw_html.txt,3435,1194,11279,0,95,215,63847
104957_raw_html.txt,12,11,23,0,0,0,197
1049597_raw_html.txt,2183,794,7626,0,32,131,37525
104963_raw_html.txt,5313,1656,18859,14,396,935,96265
1049891_raw_html.txt,5666,1919,21561,354,140,514,84189
1049909_raw_html.txt,2634,1004,8522,126,68,181,41342
1049921_raw_html.txt,116,67,88,0,0,1,17363
1049939_raw_html.txt,2648,725,9226,0,49,102,41423
1049963_raw_html.txt,7458,1495,22084,31,5,89,116126
1049987_raw_html.txt,7685,2283,29266,14,424,981,130082
1050053_raw_html.txt,7186,2815,26358,18,32,109,112413
105005_raw_html.txt,7301,2494,20001,1348,208,806,120049
1050083_raw_html.txt,556,188,858,55,63,28,13684
1050095_raw_html.txt,13704,4970,54247,0,125,125,232303
1050101_raw_html.txt,5325,1967,20101,725,54,134,91874
1050131_raw_html.txt,2791,1192,10875,0,146,134,47386
1050149_raw_html.txt,4481,1876,21181,35,57,181,78751
1050215_raw_html.txt,4417,1664,15086,794,98,371,68405
1050299_raw_html.txt,27153,709,141173,0,0,32,172712
1050329_raw_html.txt,20,6,19,0,0,0,305
105035_raw_html.txt,19356,545,73342,29,16,14,96260
1050401_raw_html.txt,3117,1012,8473,412,42,139,45047
1050473_raw_html.txt,3260,1053,9443,49,58,131,49537
1050479_raw_html.txt,2918,1383,10299,11,78,145,43146
1050491_raw_html.txt,6121,2406,26749,4,251,711,119574
1050593_raw_html.txt,4459,1127,12469,95,92,162,62557
1050725_raw_html.txt,2562,643,6587,41,53,38,24421
1050761_raw_html.txt,4446,1136,11569,17,44,109,55228
1050839_raw_html.txt,4457,1856,19344,0,241,307,78597
1050917_raw_html.txt,4439,2110,23818,57,36,237,82166
1050935_raw_html.txt,554,128,970,2,0,0,5709
1050983_raw_html.txt,6124,2474,27375,4,258,728,121855
1051001_raw_html.txt,7961,2671,33650,42,39,92,128192
1051073_raw_html.txt,5666,2638,25287,0,89,126,88140
1051187_raw_html.txt,5150,1891,17774,58,80,136,85795
105119_raw_html.txt,11202,3244,44423,0,969,960,256518
1051241_raw_html.txt,6458,2219,16707,346,121,216,102728
1051259_raw_html.txt,45,12,51,0,0,4,721
1051289_raw_html.txt,3189,812,8061,45,32,73,45388
1051295_raw_html.txt,23065,6775,136715,0,251,105,467789
1051313_raw_html.txt,11153,4238,45202,279,687,1087,194105
1051385_raw_html.txt,5030,2769,22898,2,33,79,83510
1051415_raw_html.txt,117,31,156,0,0,0,1990
1051499_raw_html.txt,3114,1348,14906,22,6,169,61790
1051541_raw_html.txt,17278,2800,34114,7,2643,3210,385727
1051559_raw_html.txt,8027,3217,22662,159,504,515,122594
105155_raw_html.txt,6949,2206,26798,14,424,982,123202
1051631_raw_html.txt,4980,1956,21204,1,4,52,86650
105173_raw_html.txt,5155,1699,28326,12,28,86,94915
1051811_raw_html.txt,5388,2357,25736,4,251,707,114044
1051835_raw_html.txt,1267,493,4885,20,21,74,21058
1051907_raw_html.txt,9984,3108,38099,71,32,221,138186
1051931_raw_html.txt,6197,1946,19181,0,266,282,125936
1051985_raw_html.txt,5693,1968,16583,1160,217,351,101489
1052027_raw_html.txt,7203,2187,19120,473,88,116,109242
1052087_raw_html.txt,2420,901,11113,24,11,51,35169
1052117_raw_html.txt,12105,3965,61458,240,233,506,250461
1052159_raw_html.txt,4065,1196,12034,7,120,131,58490
1052243_raw_html.txt,2623,894,7332,329,42,93,42911
1052261_raw_html.txt,1545,522,3938,0,33,134,23594
1052291_raw_html.txt,4843,1087,13290,0,365,836,83253
1052351_raw_html.txt,140,56,123,69,6,10,2681
1052405_raw_html.txt,10020,3317,34494,186,229,559,138265
1052459_raw_html.txt,6940,2780,30618,689,110,115,115083
1052489_raw_html.txt,12487,3664,35141,376,483,448,208564
1052591_raw_html.txt,20,6,19,0,0,0,309
1052669_raw_html.txt,9615,3210,45319,14,88,237,175407
1052711_raw_html.txt,2683,1042,9445,0,13,15,38817
1052735_raw_html.txt,8837,3237,54652,0,205,451,162501
1052783_raw_html.txt,5115,1667,23582,103,350,38,112486
1052795_raw_html.txt,6001,1739,12728,4,354,467,80910
1052807_raw_html.txt,9257,2961,36300,23,94,260,157791
1052849_raw_html.txt,5443,1720,16233,199,90,330,80576
1052867_raw_html.txt,26734,11715,115445,0,25,328,401805
1052909_raw_html.txt,181716,2446,801209,320,404,1993,1012962
1053071_raw_html.txt,1093,377,2508,0,38,144,18189
1053113_raw_html.txt,3169,1223,15017,0,13,40,52503
1053143_raw_html.txt,2279,846,7786,17,7,57,36288
1053167_raw_html.txt,2705,907,7526,329,42,81,44275
1053173_raw_html.txt,2352,844,9221,25,28,97,42662
105317_raw_html.txt,4019,1220,11947,85,34,40,60396
105323_raw_html.txt,4549,1910,19909,0,237,306,80582
1053467_raw_html.txt,2606,858,7475,232,37,101,42509
1053485_raw_html.txt,2883,784,7900,0,34,137,45158
1053569_raw_html.txt,1914,912,7747,0,105,188,32735
1053593_raw_html.txt,5527,2751,32230,4,131,23,102871
1053623_raw_html.txt,5442,2691,31663,4,107,14,100564
1053635_raw_html.txt,2271,809,5616,466,65,93,33143
1053683_raw_html.txt,2790,900,8793,2,12,52,36735
1053731_raw_html.txt,8700,2825,26936,2,106,160,106197
1053785_raw_html.txt,23907,412,80911,332,175,9,107674
1053869_raw_html.txt,2900,778,7594,52,17,31,38406
1053881_raw_html.txt,6274,2725,28746,0,128,326,118179
1053935_raw_html.txt,10822,1623,26621,0,25,66,108001
1053995_raw_html.txt,2950,1021,9477,0,71,109,46572
1054049_raw_html.txt,7984,2452,28222,0,1110,470,208057
1054133_raw_html.txt,9273,2895,37467,0,77,143,182409
1054175_raw_html.txt,14032,2703,42465,14,237,507,211619
1054217_raw_html.txt,68161,2868,270579,414,50,137,352125
1054265_raw_html.txt,5056,2728,34944,2,19,88,87391
1054355_raw_html.txt,116,29,206,0,72,129,4549
1054445_raw_html.txt,3826,1700,15331,6,30,145,68714
1054577_raw_html.txt,6955,2464,22880,1582,184,396,111861
1054613_raw_html.txt,5211,1369,15640,234,317,299,88945
1054619_raw_html.txt,1841,727,6088,186,37,129,27609
1054625_raw_html.txt,10033,3472,36550,0,119,219,153318
105467_raw_html.txt,15969,4350,54255,298,855,1094,250277
1054691_raw_html.txt,1176,262,1328,0,77,166,20833
1054709_raw_html.txt,8338,3481,31738,168,223,885,136351
1054721_raw_html.txt,2750,768,6759,0,1,12,31267
1054745_raw_html.txt,6954,2586,39729,44,218,661,131642
1054787_raw_html.txt,11390,3904,51951,2574,89,307,183914
1054799_raw_html.txt,8929,1828,25183,135,488,228,142234
1054841_raw_html.txt,1672,694,7355,322,32,59,32715
1054865_raw_html.txt,2126,542,4082,4,24,249,29321
1054907_raw_html.txt,7041,2498,90524,573,87,336,178816
1054919_raw_html.txt,463,136,1057,6,188,442,17745
105491_raw_html.txt,200,64,244,0,2,11,2300
1055051_raw_html.txt,14814,6339,83964,0,219,547,258160
1055147_raw_html.txt,4401,1598,16931,0,87,165,82015
1055213_raw_html.txt,5901,1953,17743,129,90,160,92205
1055285_raw_html.txt,4178,1446,13050,481,168,490,69326
1055291_raw_html.txt,7165,2435,28081,7,76,363,108732
1055315_raw_html.txt,34428,593,132009,986,8,59,171742
1055537_raw_html.txt,3551,1131,12707,41,86,212,58723
1055603_raw_html.txt,49921,20364,308784,0,17,3149,843410
1055615_raw_html.txt,6277,1840,19713,0,56,181,81704
1055663_raw_html.txt,9224,2076,28626,0,89,218,100281
1055801_raw_html.txt,1108,426,4430,0,0,1,13120
1055831_raw_html.txt,6231,2220,12229,1644,229,630,81675
1055927_raw_html.txt,2496,822,9701,209,59,123,48240
1055951_raw_html.txt,2004,817,5886,79,51,145,35175
1055957_raw_html.txt,5244,1370,15371,398,134,160,96323
1055975_raw_html.txt,1224,323,2111,1,19,90,16542
10559_raw_html.txt,4572,1358,13529,75,112,243,74401
1056065_raw_html.txt,379,125,745,62,65,65,7365
1056071_raw_html.txt,2500,1361,7564,725,52,296,35391
1056077_raw_html.txt,187888,1992,717192,0,372,1182,924008
1056197_raw_html.txt,3686,1431,16060,0,383,618,85652
1056221_raw_html.txt,6064,2624,23996,149,75,183,83668
1056239_raw_html.txt,326,48,590,0,208,494,16122
105623_raw_html.txt,1809,655,4624,25,30,128,28831
1056257_raw_html.txt,957,469,3061,0,27,100,17151
1056323_raw_html.txt,2611,1266,14864,55,11,47,40439
1056413_raw_html.txt,10240,3830,45824,0,73,214,173505
1056461_raw_html.txt,219,79,344,0,6,3,3704
1056527_raw_html.txt,2584,878,7282,502,55,113,39612
105665_raw_html.txt,12927,3850,32742,8,230,476,181791
1056725_raw_html.txt,5078,2267,26428,52,76,345,93890
1056743_raw_html.txt,8292,3466,37155,20,180,383,122552
1056785_raw_html.txt,3030,946,9072,0,79,275,59379
1056821_raw_html.txt,7570,2682,54517,181,243,410,135873
1056857_raw_html.txt,5729,2005,16312,1349,112,342,87326
1056869_raw_html.txt,2249,838,7646,272,46,125,40982
1056971_raw_html.txt,5497,2085,23051,0,231,399,87648
1056977_raw_html.txt,2213,727,5495,3,84,44,36477
1057007_raw_html.txt,5451,1797,16531,0,376,831,99481
1057217_raw_html.txt,2859,608,7916,2,2,3,31672
1057271_raw_html.txt,3776,1274,11284,208,51,148,57727
1057337_raw_html.txt,2335,570,4741,18,34,36,28607
1057361_raw_html.txt,6025,1844,20383,607,79,263,96818
1057385_raw_html.txt,17581,5912,131367,0,369,647,357631
1057403_raw_html.txt,3986,1591,15717,0,242,609,70675
1057439_raw_html.txt,13338,5593,66581,0,306,405,274017
1057487_raw_html.txt,3254,841,7128,559,39,103,49455
1057517_raw_html.txt,1068,469,3439,7,15,58,15498
1057637_raw_html.txt,8752,2465,26400,305,284,396,174294
1057661_raw_html.txt,5955,1595,19096,40,53,244,90069
1057685_raw_html.txt,4836,2067,15112,0,193,183,79652
1057715_raw_html.txt,3991,1773,27651,0,45,140,81917
1057763_raw_html.txt,16309,4729,18684,10656,19,104,909800
105785_raw_html.txt,11844,3797,52098,138,81,227,206163
1057991_raw_html.txt,2954,859,7857,3,40,144,45752
1058027_raw_html.txt,4264,1779,19220,0,171,321,77093
1058093_raw_html.txt,4410,1855,19290,0,239,306,77821
1058105_raw_html.txt,1780,465,4739,14,69,106,29675
1058237_raw_html.txt,66011,1548,334287,47,20,43,408159
1058255_raw_html.txt,12147,4959,29316,723,1555,2051,187377
1058303_raw_html.txt,78,16,83,0,0,0,680
1058399_raw_html.txt,6121,1732,17039,24,2,56,65588
1058471_raw_html.txt,5287,1968,27518,0,194,373,98329
1058483_raw_html.txt,39712,25454,233788,0,23,587,664868
105851_raw_html.txt,4343,1864,16287,12,19,75,70976
1058537_raw_html.txt,2637,845,4922,586,70,222,41868
1058627_raw_html.txt,27454,6658,60910,6086,1385,1099,584268
1058705_raw_html.txt,31,12,41,0,0,1,285
1058885_raw_html.txt,2429,714,5849,25,30,138,35349
1058897_raw_html.txt,4690,1180,15055,0,463,158,157364
1058963_raw_html.txt,2319,1010,8491,93,19,81,40505
1058993_raw_html.txt,6334,2131,25156,0,219,263,100955
10589_raw_html.txt,6643,3466,37137,0,97,150,126265
1059005_raw_html.txt,6385,1897,15928,54,42,183,79039
1059011_raw_html.txt,4372,1854,19251,0,239,306,77664
1059125_raw_html.txt,2986,1048,13142,0,22,74,51298
1059179_raw_html.txt,5725,1593,17519,592,131,209,97416
105917_raw_html.txt,3694,1149,11751,0,375,389,67754
1059299_raw_html.txt,7026,2257,24573,14,423,982,122383
105929_raw_html.txt,3691,1319,11983,24,14,47,54785
1059329_raw_html.txt,4339,1208,20502,16,28,124,62770
105935_raw_html.txt,3658,1079,10487,190,58,139,55705
1059497_raw_html.txt,2678,587,6659,0,19,76,31209
105953_raw_html.txt,3019,1263,10554,325,52,114,54946
1059569_raw_html.txt,4894,1627,13211,627,73,221,77314
1059623_raw_html.txt,124,35,152,0,0,0,28224
1059839_raw_html.txt,1787,830,8495,73,23,1,25005
1059845_raw_html.txt,5441,3032,40745,81,3,168,103030
1059893_raw_html.txt,6658,2942,33168,2557,290,664,127881
1060085_raw_html.txt,4288,1506,15600,29,32,103,67162
1060145_raw_html.txt,14358,6478,51488,5633,371,865,215635
1060175_raw_html.txt,1179,421,3489,0,0,7,14534
1060277_raw_html.txt,2123,927,8022,47,17,129,34429
106031_raw_html.txt,5107,1540,16206,335,53,185,78048
106043_raw_html.txt,15345,4947,68834,178,120,387,243886
1060529_raw_html.txt,4489,1663,18932,457,47,155,77105
1060607_raw_html.txt,14926,5219,65706,230,346,757,246849
1060613_raw_html.txt,9352,3295,18072,5238,621,1749,155723
1060667_raw_html.txt,3999,1288,13683,229,26,76,59837
1060727_raw_html.txt,6584,3046,29061,1557,98,263,109235
106073_raw_html.txt,6122,2148,26942,187,71,247,103500
1060769_raw_html.txt,2645,964,8880,12,10,28,33305
1060829_raw_html.txt,3867,396,6713,0,855,380,85226
1060847_raw_html.txt,4618,996,12229,0,134,192,80200
1060889_raw_html.txt,10459,5191,103217,22,191,658,226019
1060955_raw_html.txt,8988,4567,60241,487,71,235,182992
1060991_raw_html.txt,587,201,956,55,63,28,13907
1061003_raw_html.txt,6903,2921,30371,46,113,130,132964
1061051_raw_html.txt,5058,1703,18388,0,561,821,115471
1061111_raw_html.txt,4931,1934,27020,0,527,697,135937
1061117_raw_html.txt,5772,1978,20525,59,37,145,89044
1061141_raw_html.txt,4805,1181,15171,0,463,150,161237
106115_raw_html.txt,379,45,434,0,19,0,3376
1061225_raw_html.txt,4468,1856,19360,0,239,306,78224
1061255_raw_html.txt,45,12,51,0,0,4,721
1061261_raw_html.txt,6651,1631,22619,0,162,187,118133
1061333_raw_html.txt,6353,2180,25391,0,197,441,133753
1061339_raw_html.txt,12917,4092,49755,255,81,323,213593
106133_raw_html.txt,2576,880,7720,0,38,96,34162
1061519_raw_html.txt,3412,823,9513,0,134,188,65111
1061525_raw_html.txt,120187,5690,583510,48822,15,199,780549
1061573_raw_html.txt,11571,3283,36880,180,191,369,180027
1061597_raw_html.txt,3185,956,7586,0,394,918,146023
1061657_raw_html.txt,8427,2374,25596,0,82,121,155689
1061729_raw_html.txt,4774,1709,13268,155,96,350,76202
1061735_raw_html.txt,8691,2902,30359,123,842,805,185280
106175_raw_html.txt,3696,1177,11159,435,86,217,58593
1061789_raw_html.txt,6359,2362,24270,797,212,395,94223
1061825_raw_html.txt,4276,1112,11358,100,74,129,60027
1061855_raw_html.txt,6533,2626,17134,0,292,276,82981
106187_raw_html.txt,6357,2451,19156,2477,141,375,109844
1061987_raw_html.txt,6704,3222,48553,0,19,28,125152
1062011_raw_html.txt,44214,1197,164433,2076,54,186,221872
1062047_raw_html.txt,2045,688,5273,25,30,142,31728
1062053_raw_html.txt,3974,1596,15575,93,41,113,60935
1062143_raw_html.txt,2587,860,7168,32,51,111,44207
1062161_raw_html.txt,23603,6464,168675,0,434,437,431236
1062209_raw_html.txt,4256,1998,20161,223,53,174,79864
1062227_raw_html.txt,16153,4743,53143,7,370,1134,227320
106223_raw_html.txt,5155,1699,28326,12,28,86,94915
1062275_raw_html.txt,2885,964,8548,42,68,123,55113
1062305_raw_html.txt,56,41,180,0,1,0,778
1062353_raw_html.txt,12512,3967,45923,198,539,990,185333
1062425_raw_html.txt,6558,2200,11268,38,462,116,81402
1062437_raw_html.txt,144,87,174,127,5,0,1640
1062467_raw_html.txt,3132,1207,10467,124,30,101,54708
1062551_raw_html.txt,1044,235,1425,101,177,116,24542
1062629_raw_html.txt,5324,1829,19372,7,425,988,108635
1062689_raw_html.txt,4889,1573,15933,430,61,118,69263
1062755_raw_html.txt,2334,705,6967,57,53,138,36269
1062761_raw_html.txt,2411,969,9062,6,15,64,36841
1062809_raw_html.txt,3523,1479,12408,0,230,821,62156
1062815_raw_html.txt,5555,2082,18987,584,52,165,92851
1062869_raw_html.txt,8159,2802,43878,0,210,389,147948
1062875_raw_html.txt,3419,1112,11530,354,33,90,58543
1062953_raw_html.txt,4815,1255,15830,0,356,809,88317
1062971_raw_html.txt,2128,678,7979,59,9,38,26990
1063007_raw_html.txt,3797,1143,16668,51,99,222,53934
106301_raw_html.txt,460,152,829,0,7,17,7393
106307_raw_html.txt,3232,1072,9564,374,68,180,50016
1063121_raw_html.txt,5404,1643,13723,139,41,233,73364
1063139_raw_html.txt,2205,938,10679,93,10,41,34542
1063223_raw_html.txt,14911,2607,43916,20,37,184,162366
1063235_raw_html.txt,9780,3358,30606,148,250,453,168524
1063349_raw_html.txt,5947,1835,18468,241,113,195,99043
1063355_raw_html.txt,3596,1368,10834,114,20,52,55771
1063421_raw_html.txt,1784,117,1883,29,96,114,48109
1063439_raw_html.txt,7025,1476,21778,27,57,130,86493
106343_raw_html.txt,10274,5661,65312,0,95,122,221922
1063739_raw_html.txt,5148,1366,15947,307,125,145,93199
106373_raw_html.txt,5469,892,10836,62,106,235,79186
1063745_raw_html.txt,94410,42154,600614,1,2924,9067,1773053
1063973_raw_html.txt,5389,1759,21172,3,152,177,88818
1064009_raw_html.txt,7454,2534,28375,128,145,393,122965
1064033_raw_html.txt,5671,1428,17619,407,137,167,105226
1064081_raw_html.txt,10830,1879,26237,0,1996,1335,290439
1064117_raw_html.txt,6522,2215,23000,146,47,157,105136
1064291_raw_html.txt,5395,1883,18748,203,126,384,90987
1064393_raw_html.txt,4905,1488,13916,267,102,256,76460
1064483_raw_html.txt,31,12,41,0,0,1,285
1064513_raw_html.txt,8382,1716,25301,2,275,290,153242
1064543_raw_html.txt,699,244,1512,19,20,71,10842
1064633_raw_html.txt,557,189,862,55,63,28,13464
1064639_raw_html.txt,46628,18750,320337,62,84,1784,1093507
1064651_raw_html.txt,4659,2005,20026,0,75,137,72774
1064687_raw_html.txt,19136,4428,38945,3519,710,718,334144
1064699_raw_html.txt,11912,3542,21612,25,2998,8322,364196
1064861_raw_html.txt,228825,2185,859282,0,383,1234,1110872
1064879_raw_html.txt,2807,1212,11042,0,153,147,47823
1064885_raw_html.txt,3506,2137,20807,0,2,16,56727
1064891_raw_html.txt,936,427,2812,0,5,51,13916
1064915_raw_html.txt,5423,1793,19275,322,98,187,100370
1065059_raw_html.txt,1363,654,4340,372,25,31,21287
